{"is_source_file": true, "format": "JavaScript (React JSX)", "description": "This file is the main React component for a notes management frontend. It provides the UI for creating, editing, deleting, and viewing notes, utilizing hooks for state management and effects to load data from an API.", "external_files": ["./api/notesApi", "./App.css"], "external_methods": ["listNotes", "createNote", "updateNote", "deleteNote"], "published": ["App"], "classes": [], "methods": [{"name": "formatUpdatedAt(value)", "description": "Formats a date string or value into a localized string for display.", "scope": "", "scopeKind": ""}, {"name": "compareNotesByUpdatedAtDesc(a, b)", "description": "Comparator function to sort notes by their 'updated_at' timestamp in descending order.", "scope": "", "scopeKind": ""}, {"name": "App()", "description": "Main React component managing notes UI, including state and handlers for creating, editing, saving, and deleting notes.", "scope": "", "scopeKind": ""}, {"name": "refreshNotesAndKeepSelection(nextSelectedId = selectedId)", "description": "Fetches the list of notes from the API, sorts, and updates state while maintaining the current selection if possible.", "scope": "App", "scopeKind": "function"}, {"name": "selectNote(note)", "description": "Handles user selection of a note, prompting to discard unsaved changes if necessary.", "scope": "App", "scopeKind": "function"}, {"name": "handleNewNote()", "description": "Prepares UI for creating a new, blank note, prompting to discard unsaved changes.", "scope": "App", "scopeKind": "function"}, {"name": "handleSave()", "description": "Saves the current draft as a new or updated note via API, handling form validation and UI state.", "scope": "App", "scopeKind": "function"}, {"name": "handleDelete()", "description": "Deletes the selected note after user confirmation, updating the list accordingly.", "scope": "App", "scopeKind": "function"}], "calls": ["listNotes", "createNote", "updateNote", "deleteNote"], "search-terms": ["Notes React UI", "Notes API integration", "Notes editing", "React useState hooks", "Notes list sorting", "Notes CRUD"], "state": 2, "file_id": 8, "knowledge_revision": 27, "git_revision": "60c962d27c62990b805d3a5de86dae475b454871", "ctags": [{"_type": "tag", "name": "12", "path": "/home/kavia/workspace/code-generation/simple-notes-manager-197529-197540/notes_frontend/src/App.js", "pattern": "/^                rows={12}$/", "language": "JavaScript", "kind": "field", "scope": "App.rows", "scopeKind": "class"}, {"_type": "tag", "name": "App", "path": "/home/kavia/workspace/code-generation/simple-notes-manager-197529-197540/notes_frontend/src/App.js", "pattern": "/^function App() {$/", "language": "JavaScript", "kind": "function", "signature": "()"}, {"_type": "tag", "name": "compareNotesByUpdatedAtDesc", "path": "/home/kavia/workspace/code-generation/simple-notes-manager-197529-197540/notes_frontend/src/App.js", "pattern": "/^function compareNotesByUpdatedAtDesc(a, b) {$/", "language": "JavaScript", "kind": "function", "signature": "(a, b)"}, {"_type": "tag", "name": "disabled", "path": "/home/kavia/workspace/code-generation/simple-notes-manager-197529-197540/notes_frontend/src/App.js", "pattern": "/^            disabled={selectedId == null || isSaving || isDeleting}$/", "language": "JavaScript", "kind": "class", "scope": "App", "scopeKind": "class"}, {"_type": "tag", "name": "draftContent", "path": "/home/kavia/workspace/code-generation/simple-notes-manager-197529-197540/notes_frontend/src/App.js", "pattern": "/^                value={draftContent}$/", "language": "JavaScript", "kind": "field", "scope": "App.value", "scopeKind": "class"}, {"_type": "tag", "name": "draftTitle", "path": "/home/kavia/workspace/code-generation/simple-notes-manager-197529-197540/notes_frontend/src/App.js", "pattern": "/^                value={draftTitle}$/", "language": "JavaScript", "kind": "field", "scope": "App.value", "scopeKind": "class"}, {"_type": "tag", "name": "formatUpdatedAt", "path": "/home/kavia/workspace/code-generation/simple-notes-manager-197529-197540/notes_frontend/src/App.js", "pattern": "/^function formatUpdatedAt(value) {$/", "language": "JavaScript", "kind": "function", "signature": "(value)"}, {"_type": "tag", "name": "handleDelete", "path": "/home/kavia/workspace/code-generation/simple-notes-manager-197529-197540/notes_frontend/src/App.js", "pattern": "/^            onClick={handleDelete}$/", "language": "JavaScript", "kind": "field", "scope": "App.onClick", "scopeKind": "class"}, {"_type": "tag", "name": "handleDelete", "path": "/home/kavia/workspace/code-generation/simple-notes-manager-197529-197540/notes_frontend/src/App.js", "pattern": "/^  async function handleDelete() {$/", "language": "JavaScript", "kind": "function", "signature": "()", "scope": "App", "scopeKind": "function"}, {"_type": "tag", "name": "handleNewNote", "path": "/home/kavia/workspace/code-generation/simple-notes-manager-197529-197540/notes_frontend/src/App.js", "pattern": "/^  async function handleNewNote() {$/", "language": "JavaScript", "kind": "function", "signature": "()", "scope": "App", "scopeKind": "function"}, {"_type": "tag", "name": "handleSave", "path": "/home/kavia/workspace/code-generation/simple-notes-manager-197529-197540/notes_frontend/src/App.js", "pattern": "/^            onClick={handleSave}$/", "language": "JavaScript", "kind": "field", "scope": "App.onClick", "scopeKind": "class"}, {"_type": "tag", "name": "handleSave", "path": "/home/kavia/workspace/code-generation/simple-notes-manager-197529-197540/notes_frontend/src/App.js", "pattern": "/^  async function handleSave() {$/", "language": "JavaScript", "kind": "function", "signature": "()", "scope": "App", "scopeKind": "function"}, {"_type": "tag", "name": "isSaving", "path": "/home/kavia/workspace/code-generation/simple-notes-manager-197529-197540/notes_frontend/src/App.js", "pattern": "/^            disabled={isSaving || isDeleting}$/", "language": "JavaScript", "kind": "field", "scope": "App.disabled", "scopeKind": "class"}, {"_type": "tag", "name": "refreshNotesAndKeepSelection", "path": "/home/kavia/workspace/code-generation/simple-notes-manager-197529-197540/notes_frontend/src/App.js", "pattern": "/^  async function refreshNotesAndKeepSelection(nextSelectedId = selectedId) {$/", "language": "JavaScript", "kind": "function", "signature": "(nextSelectedId = selectedId)", "scope": "App", "scopeKind": "function"}, {"_type": "tag", "name": "selectNote", "path": "/home/kavia/workspace/code-generation/simple-notes-manager-197529-197540/notes_frontend/src/App.js", "pattern": "/^  function selectNote(note) {$/", "language": "JavaScript", "kind": "function", "signature": "(note)", "scope": "App", "scopeKind": "function"}, {"_type": "tag", "name": "selectedId", "path": "/home/kavia/workspace/code-generation/simple-notes-manager-197529-197540/notes_frontend/src/App.js", "pattern": "/^            disabled={selectedId == null || isSaving || isDeleting}$/", "language": "JavaScript", "kind": "property", "scope": "App.disabled", "scopeKind": "class"}], "hash": "2d339b3044a7dbfff29e4a5b10e82c30", "format-version": 4, "code-base-name": "notes_frontend", "filename": "notes_frontend/src/App.js", "fields": [{"name": "rows={12}", "scope": "App.rows", "scopeKind": "class", "description": "unavailable"}, {"name": "value={draftContent}", "scope": "App.value", "scopeKind": "class", "description": "unavailable"}, {"name": "value={draftTitle}", "scope": "App.value", "scopeKind": "class", "description": "unavailable"}, {"name": "onClick={handleDelete}", "scope": "App.onClick", "scopeKind": "class", "description": "unavailable"}, {"name": "onClick={handleSave}", "scope": "App.onClick", "scopeKind": "class", "description": "unavailable"}, {"name": "disabled={isSaving || isDeleting}", "scope": "App.disabled", "scopeKind": "class", "description": "unavailable"}, {"name": "disabled={selectedId == null || isSaving || isDeleting}", "scope": "App.disabled", "scopeKind": "class", "description": "unavailable"}], "revision_history": [{"27": "60c962d27c62990b805d3a5de86dae475b454871"}]}