{"is_source_file": false, "format": "", "description": "", "external_files": [], "external_methods": [], "published": [], "classes": [], "methods": [], "calls": [], "search-terms": [], "state": 2, "file_id": 7, "knowledge_revision": 16, "git_revision": "60c962d27c62990b805d3a5de86dae475b454871", "hash": "6c2104b8d219ed99234ae2d6329f4357", "format-version": 4, "code-base-name": "notes_frontend", "filename": "notes_frontend/src/index.css", "revision_history": [{"16": "60c962d27c62990b805d3a5de86dae475b454871"}]}