{"is_source_file": false, "format": "", "description": "", "external_files": [], "external_methods": [], "published": [], "classes": [], "methods": [], "calls": [], "search-terms": [], "state": 2, "file_id": 10, "knowledge_revision": 28, "git_revision": "f9b8377a7f2758e15afc13ff725040493722bc8e", "hash": "533b6353f87b8a5c51ebcea793e8fa7c", "format-version": 4, "code-base-name": "notes_frontend", "filename": "notes_frontend/src/App.css", "revision_history": [{"28": "f9b8377a7f2758e15afc13ff725040493722bc8e"}]}