{"is_source_file": true, "format": "JavaScript", "description": "This file defines API functions for interacting with a notes backend service, including listing, fetching, creating, updating, and deleting notes. It dynamically constructs the API base URL based on environment variables and includes a shared JSON parsing and error handling utility.", "external_files": [], "external_methods": ["fetch"], "published": ["listNotes", "getNote", "createNote", "updateNote", "deleteNote"], "classes": [], "methods": [{"name": "parseJsonOrThrow(response)", "description": "Parses JSON from a fetch Response object, throwing an error with a helpful message if the response has a non-2xx status.", "scope": "", "scopeKind": ""}, {"name": "createNote(payload, { signal } = {})", "scope": "", "scopeKind": "", "description": "unavailable"}, {"name": "deleteNote(noteId, { signal } = {})", "scope": "", "scopeKind": "", "description": "unavailable"}, {"name": "getNote(noteId, { signal } = {})", "scope": "", "scopeKind": "", "description": "unavailable"}, {"name": "listNotes({ signal } = {})", "scope": "", "scopeKind": "", "description": "unavailable"}, {"name": "updateNote(noteId, payload, { signal } = {})", "scope": "", "scopeKind": "", "description": "unavailable"}], "calls": ["fetch", "parseJsonOrThrow"], "search-terms": ["notesApi", "API_BASE_URL", "parseJsonOrThrow", "fetch", "listNotes", "getNote", "createNote", "updateNote", "deleteNote"], "state": 2, "file_id": 13, "knowledge_revision": 31, "git_revision": "4db2b290bb14acceb0c2c6310077e5ea49f3b4e0", "revision_history": [{"30": "f9b8377a7f2758e15afc13ff725040493722bc8e"}, {"31": "4db2b290bb14acceb0c2c6310077e5ea49f3b4e0"}], "ctags": [{"_type": "tag", "name": "API_BASE_URL", "path": "/home/kavia/workspace/code-generation/simple-notes-manager-197529-197540/notes_frontend/src/api/notesApi.js", "pattern": "/^const API_BASE_URL =$/", "language": "JavaScript", "kind": "constant"}, {"_type": "tag", "name": "BACKEND_ORIGIN", "path": "/home/kavia/workspace/code-generation/simple-notes-manager-197529-197540/notes_frontend/src/api/notesApi.js", "pattern": "/^const BACKEND_ORIGIN =$/", "language": "JavaScript", "kind": "constant"}, {"_type": "tag", "name": "createNote", "path": "/home/kavia/workspace/code-generation/simple-notes-manager-197529-197540/notes_frontend/src/api/notesApi.js", "pattern": "/^export async function createNote(payload, { signal } = {}) {$/", "language": "JavaScript", "kind": "function", "signature": "(payload, { signal } = {})"}, {"_type": "tag", "name": "deleteNote", "path": "/home/kavia/workspace/code-generation/simple-notes-manager-197529-197540/notes_frontend/src/api/notesApi.js", "pattern": "/^export async function deleteNote(noteId, { signal } = {}) {$/", "language": "JavaScript", "kind": "function", "signature": "(noteId, { signal } = {})"}, {"_type": "tag", "name": "getNote", "path": "/home/kavia/workspace/code-generation/simple-notes-manager-197529-197540/notes_frontend/src/api/notesApi.js", "pattern": "/^export async function getNote(noteId, { signal } = {}) {$/", "language": "JavaScript", "kind": "function", "signature": "(noteId, { signal } = {})"}, {"_type": "tag", "name": "listNotes", "path": "/home/kavia/workspace/code-generation/simple-notes-manager-197529-197540/notes_frontend/src/api/notesApi.js", "pattern": "/^export async function listNotes({ signal } = {}) {$/", "language": "JavaScript", "kind": "function", "signature": "({ signal } = {})"}, {"_type": "tag", "name": "parseJsonOrThrow", "path": "/home/kavia/workspace/code-generation/simple-notes-manager-197529-197540/notes_frontend/src/api/notesApi.js", "pattern": "/^async function parseJsonOrThrow(response) {$/", "language": "JavaScript", "kind": "function", "signature": "(response)"}, {"_type": "tag", "name": "updateNote", "path": "/home/kavia/workspace/code-generation/simple-notes-manager-197529-197540/notes_frontend/src/api/notesApi.js", "pattern": "/^export async function updateNote(noteId, payload, { signal } = {}) {$/", "language": "JavaScript", "kind": "function", "signature": "(noteId, payload, { signal } = {})"}], "hash": "5d947be9ee6fcbcb94a8dd5c50c141d6", "format-version": 4, "code-base-name": "notes_frontend", "filename": "notes_frontend/src/api/notesApi.js"}