{"is_source_file": false, "format": "", "description": "", "external_files": [], "external_methods": [], "published": [], "classes": [], "methods": [], "calls": [], "search-terms": [], "state": 2, "file_id": 4, "knowledge_revision": 15, "git_revision": "60c962d27c62990b805d3a5de86dae475b454871", "hash": "d2b40d02d5f7873d8a6713bad837edd4", "format-version": 4, "code-base-name": "notes_frontend", "filename": "notes_frontend/public/index.html", "revision_history": [{"15": "60c962d27c62990b805d3a5de86dae475b454871"}]}