{"is_source_file": false, "format": "", "description": "", "external_files": [], "external_methods": [], "published": [], "classes": [], "methods": [], "calls": [], "search-terms": [], "state": 2, "file_id": 6, "knowledge_revision": 24, "git_revision": "60c962d27c62990b805d3a5de86dae475b454871", "ctags": [], "hash": "1a77571e1a8cf36018a41bcedf60db75", "format-version": 4, "code-base-name": "notes_frontend", "filename": "notes_frontend/src/setupTests.js", "revision_history": [{"24": "60c962d27c62990b805d3a5de86dae475b454871"}]}