{"is_source_file": false, "format": "", "description": "", "external_files": [], "external_methods": [], "published": [], "classes": [], "methods": [], "calls": [], "search-terms": [], "state": 2, "file_id": 5, "knowledge_revision": 33, "git_revision": "74dbfb5cf173fc3e588472d37c7e47b37eca6085", "revision_history": [{"25": "60c962d27c62990b805d3a5de86dae475b454871"}, {"33": "74dbfb5cf173fc3e588472d37c7e47b37eca6085"}], "hash": "37a9eab1f8aba6b972fd6b6a41986a46", "format-version": 4, "code-base-name": "notes_frontend", "filename": "notes_frontend/package.json"}