{"is_source_file": true, "format": "JavaScript (React JSX)", "description": "This file is the entry point for the React frontend application, initializing the root element and rendering the main App component.", "external_files": ["./App", "./index.css"], "external_methods": ["ReactDOM.createRoot", "root.render"], "published": ["root"], "classes": [], "methods": [{"name": "ReactDOM.createRoot", "description": "Creates a React root for rendering the React application into the DOM."}, {"name": "root.render", "description": "Renders the React component tree into the DOM element."}], "calls": ["ReactDOM.createRoot", "root.render"], "search-terms": ["index.js", "ReactDOM", "React.StrictMode", "App component", "React 18 root"], "state": 2, "file_id": 9, "knowledge_revision": 23, "git_revision": "60c962d27c62990b805d3a5de86dae475b454871", "ctags": [{"_type": "tag", "name": "root", "path": "/home/kavia/workspace/code-generation/simple-notes-manager-197529-197540/notes_frontend/src/index.js", "pattern": "/^const root = ReactDOM.createRoot(document.getElementById('root'));$/", "language": "JavaScript", "kind": "constant"}], "hash": "9fc5841375336fc175b49f8767a11383", "format-version": 4, "code-base-name": "notes_frontend", "filename": "notes_frontend/src/index.js", "revision_history": [{"23": "60c962d27c62990b805d3a5de86dae475b454871"}]}